<?xml version="1.0" encoding="UTF-8"?>
<!DOCTYPE codetemplates PUBLIC "-//NetBeans//DTD Editor Code Templates settings 1.0//EN" "http://www.netbeans.org/dtds/EditorCodeTemplates-1_0.dtd">
<codetemplates>
    <codetemplate abbreviation="xforek" xml:space="preserve">
        <code><![CDATA[foreach ($$${IITERATOR variableFromPreviousAssignment instanceof="IIterator" default="iter"} as $idx => $$${SINGLEROW newVarName default="row"}) {
    ${selection}${cursor}
}]]></code>
        <description><![CDATA[XMLNuke "foreach" IIterator (w/idx)]]></description>
    </codetemplate>
    <codetemplate abbreviation="xmodule" xml:space="preserve">
        <code><![CDATA[//ModuleFactory::IncludePhp("byjg", "classes/xmllistagem.class.php");

class ${ModuleName} extends ${Prefix}BaseModule
{
	public function CreatePage()
	{
		$this->defaultXmlnukeDocument = new XmlnukeDocument("Title", "Abstract");
		${cursor}
		return $this->defaultXmlnukeDocument;
	}
}
]]></code>
        <description><![CDATA[XMLNuke new module template.
]]></description>
    </codetemplate>
    <codetemplate abbreviation="xfore" xml:space="preserve">
        <code><![CDATA[foreach ($$${IITERATOR variableFromPreviousAssignment instanceof="IIterator" default="iter"} as $$${SINGLEROW newVarName default="row"}) {
    ${selection}${cursor}
}]]></code>
        <description><![CDATA[XMLNuke "foreach" IIterator]]></description>
    </codetemplate>
</codetemplates>
